{"Gaussian Naive Bayes": {"train_sizes": [6080, 19760, 33440, 47120, 60801], "train_scores": [[0.2654605263157895], [0.6284919028340081], [0.634061004784689], [0.6240662139219015], [0.6323909146231147]], "test_scores": [[0.2662818235642392], [0.6249259917110717], [0.6385435168738899], [0.6304026050917703], [0.6409117821195974]]}, "Multinomial Naive Bayes": {"train_sizes": [6080, 19760, 33440, 47120, 60801], "train_scores": [[0.7315789473684211], [0.7293016194331984], [0.7268241626794258], [0.725509337860781], [0.7281459186526538]], "test_scores": [[0.7295737122557726], [0.7329780935464772], [0.7332741267021906], [0.7329780935464772], [0.7340142095914742]]}, "Complement Naive Bayes": {"train_sizes": [6080, 19760, 33440, 47120, 60801], "train_scores": [[0.6851973684210526], [0.6867408906882592], [0.6863636363636364], [0.6854414261460102], [0.6884097301031233]], "test_scores": [[0.6851687388987566], [0.6900532859680284], [0.6894612196566016], [0.6915334517465956], [0.6952338661930136]]}, "Bernoulli Naive Bayes": {"train_sizes": [6080, 19760, 33440, 47120, 60801], "train_scores": [[0.7282894736842105], [0.72667004048583], [0.7252392344497608], [0.7238327674023769], [0.7252841236163879]], "test_scores": [[0.7283895796329188], [0.727797513321492], [0.7282415630550622], [0.7264653641207816], [0.7298697454114861]]}, "DecisionTree": {"train_sizes": [6080, 19760, 33440, 47120, 60801], "train_scores": [[0.8097039473684211], [0.8190283400809717], [0.8379485645933015], [0.8377758913412564], [0.8378809559053305]], "test_scores": [[0.7112196566015394], [0.7443753700414446], [0.7716104203670812], [0.7736826524570752], [0.7724985198342215]]}, "LogisticRegression": {"train_sizes": [6080, 19760, 33440, 47120, 60801], "train_scores": [[0.7633223684210526], [0.7588056680161943], [0.7583433014354067], [0.7563242784380305], [0.7574546471275143]], "test_scores": [[0.7655417406749556], [0.7640615748963884], [0.7645056246299585], [0.7640615748963884], [0.7650976909413855]]}, "KNearestNeighbors": {"train_sizes": [6080, 19760, 33440, 47120, 60801], "train_scores": [[0.7837171052631579], [0.8132591093117408], [0.831877990430622], [0.8367359932088285], [0.8357921744708147]], "test_scores": [[0.7384547069271759], [0.7754588513913558], [0.7942569567791593], [0.8031379514505624], [0.8071343990526939]]}, "RandomForest": {"train_sizes": [6080, 19760, 33440, 47120, 60801], "train_scores": [[1.0], [1.0], [1.0], [1.0], [1.0]], "test_scores": [[0.7837477797513321], [0.8078744819419775], [0.8225281231497927], [0.8321492007104796], [0.8368857312018946]]}}